Workbook

Sheet Golfer_Input
A1: Round | B1: Score | C1: Par | D1: Rating | E1: Par3s | F1: Driving_Holes | G1: Fairways | H1: Greens | I1: Putts per GIR | J1: Scrambles | K1: Slope | L1: Differential | M1: Diff_Calc
A2: 1 | B2: 85 | C2: 72 | D2: 71.5 | E2: 4 | F2: =18-Rounds[[#This Row],[Par3s]] -> 14 | G2: 7 | H2: 5 | I2: 11 | J2: 2 | K2: 128 | L2: =(113/Rounds[[#This Row],[Slope]]) * (Rounds[[#This Row],[Score]] - Rounds[[#This Row],[Rating]]) -> 11.917969 | M2: =IF(Rounds[[#This Row],[Differential]]="",999,Rounds[[#This Row],[Differential]]) -> 11.917969
A3: 2 | B3: 83 | C3: 72 | D3: 71.2 | E3: 4 | F3: =18-Rounds[[#This Row],[Par3s]] -> 14 | G3: 7 | H3: 5 | I3: 10 | J3: 2 | K3: 126 | L3: =(113/Rounds[[#This Row],[Slope]]) * (Rounds[[#This Row],[Score]] - Rounds[[#This Row],[Rating]]) -> 10.58254 | M3: =IF(Rounds[[#This Row],[Differential]]="",999,Rounds[[#This Row],[Differential]]) -> 10.58254
A4: 3 | B4: 87 | C4: 72 | D4: 71.8 | E4: 4 | F4: =18-Rounds[[#This Row],[Par3s]] -> 14 | G4: 6 | H4: 4 | I4: 9 | J4: 1 | K4: 130 | L4: =(113/Rounds[[#This Row],[Slope]]) * (Rounds[[#This Row],[Score]] - Rounds[[#This Row],[Rating]]) -> 13.212308 | M4: =IF(Rounds[[#This Row],[Differential]]="",999,Rounds[[#This Row],[Differential]]) -> 13.212308
A5: 4 | B5: 84 | C5: 72 | D5: 71.3 | E5: 4 | F5: =18-Rounds[[#This Row],[Par3s]] -> 14 | G5: 7 | H5: 5 | I5: 11 | J5: 2 | K5: 127 | L5: =(113/Rounds[[#This Row],[Slope]]) * (Rounds[[#This Row],[Score]] - Rounds[[#This Row],[Rating]]) -> 11.3 | M5: =IF(Rounds[[#This Row],[Differential]]="",999,Rounds[[#This Row],[Differential]]) -> 11.3
A6: 5 | B6: 86 | C6: 72 | D6: 71.6 | E6: 4 | F6: =18-Rounds[[#This Row],[Par3s]] -> 14 | G6: 6 | H6: 4 | I6: 9 | J6: 2 | K6: 129 | L6: =(113/Rounds[[#This Row],[Slope]]) * (Rounds[[#This Row],[Score]] - Rounds[[#This Row],[Rating]]) -> 12.613953 | M6: =IF(Rounds[[#This Row],[Differential]]="",999,Rounds[[#This Row],[Differential]]) -> 12.613953
A7: 6 | B7: 88 | C7: 72 | D7: 72 | E7: 4 | F7: =18-Rounds[[#This Row],[Par3s]] -> 14 | G7: 6 | H7: 4 | I7: 9 | J7: 1 | K7: 131 | L7: =(113/Rounds[[#This Row],[Slope]]) * (Rounds[[#This Row],[Score]] - Rounds[[#This Row],[Rating]]) -> 13.801527 | M7: =IF(Rounds[[#This Row],[Differential]]="",999,Rounds[[#This Row],[Differential]]) -> 13.801527
A8: 7 | B8: 85 | C8: 72 | D8: 71.4 | E8: 4 | F8: =18-Rounds[[#This Row],[Par3s]] -> 14 | G8: 7 | H8: 5 | I8: 11 | J8: 2 | K8: 128 | L8: =(113/Rounds[[#This Row],[Slope]]) * (Rounds[[#This Row],[Score]] - Rounds[[#This Row],[Rating]]) -> 12.00625 | M8: =IF(Rounds[[#This Row],[Differential]]="",999,Rounds[[#This Row],[Differential]]) -> 12.00625

Sheet Normalized_Averages
A1: Metric | B1: Your Avg | C1: Units | D1: Definition
A2: Fairway % | B2: =SUM(Golfer_Input!G:G) / B7 -> 0.46938776 | C2: % | D2: % of driving holes where tee shot finished in fairway
A3: GIR % | B3: =B8 / (B10*18) -> 0.25396825 | C3: % | D3: % of holes where green was reached in regulation
A4: Putts per GIR | B4: =SUM(Golfer_Input!I:I) / B8 -> 2.1875 | C4: per | D4: Avg putts only on holes where you hit the green
A5: Scramble % | B5: =SUM(Golfer_Input!J:J) / B9 -> 0.12765957 | C5: % | D5: % of missed greens where par or better was saved
A6: Avg Par 3s | B6: =AVERAGE(Golfer_Input!E:E) -> 4 | C6: # | D6: Avg par-3s per round (for normalization)
A7: Driving Holes | B7: =SUM(Golfer_Input!F:F) -> 98 | C7: # | D7: Total non–par-3 holes across all rounds
A8: GIR Total | B8: =SUM(Golfer_Input!H:H) -> 32 | C8: # | D8: Total greens hit
A9: Missed Greens | B9: =(B10*18) - B8 -> 94 | C9: # | D9: Greens not hit in regulation
A10: Rounds | B10: =COUNT(Golfer_Input!B:B) -> 7 | C10: # | D10: Number of rounds entered
A12: Est Handicap Index | B12: =IF(COUNT(Rounds[Differential])<3,"",AVERAGE(B13:B20)) -> 12.204935
A13: Best1 | B13: =IFERROR(_xlfn.AGGREGATE(15,6,Rounds[Diff_Calc],1),"") -> 10.58254
A14: Best2 | B14: =IFERROR(_xlfn.AGGREGATE(15,6,Rounds[Diff_Calc],2),"") -> 11.3
A15: Best3 | B15: =IFERROR(_xlfn.AGGREGATE(15,6,Rounds[Diff_Calc],3),"") -> 11.917969
A16: Best4 | B16: =IFERROR(_xlfn.AGGREGATE(15,6,Rounds[Diff_Calc],4),"") -> 12.00625
A17: Best5 | B17: =IFERROR(_xlfn.AGGREGATE(15,6,Rounds[Diff_Calc],5),"") -> 12.613953
A18: Best6 | B18: =IFERROR(_xlfn.AGGREGATE(15,6,Rounds[Diff_Calc],6),"") -> 13.212308
A19: Best7 | B19: =IFERROR(_xlfn.AGGREGATE(15,6,Rounds[Diff_Calc],7),"") -> 13.801527
A20: Best8 | B20: =IFERROR(_xlfn.AGGREGATE(15,6,Rounds[Diff_Calc],8),"")

Sheet Percentiles
A1: Skill | B1: Your Avg | C1: Target Ratio | D1: Peer Rank % | E1: Target Rank % | F1: Peer Baseline | G1: Target Baseline
A2: Fairways | B2: =Normalized_Averages!B2 -> 0.46938776 | C2: =MAX(0, MIN(100, 100 * B2 / G2)) -> 92.036815 | D2: =MAX(0, MIN(100, 100 * B2 / F2)) -> 97.789116 | E2: =MAX(0, MIN(100, 100 * B2 / G2)) -> 92.036815 | F2: =Target_Tiers!B2 -> 0.48 | G2: =Target_Tiers!C2 -> 0.51
A3: GIR | B3: =Normalized_Averages!B3 -> 0.25396825 | C3: =MAX(0, MIN(100, 100 * B3 / G3)) -> 55.21049 | D3: =MAX(0, MIN(100, 100 * B3 / F3)) -> 94.062316 | E3: =MAX(0, MIN(100, 100 * B3 / G3)) -> 55.21049 | F3: =Target_Tiers!B3 -> 0.27 | G3: =Target_Tiers!C3 -> 0.46
A4: Putts per GIR | B4: =Normalized_Averages!B4 -> 2.1875 | C4: =MAX(0, MIN(100, 100 * G4 / B4)) -> 91.428571 | D4: =MAX(0, MIN(100, 100 * F4 / B4)) -> 98.285714 | E4: =MAX(0, MIN(100, 100 * G4 / B4)) -> 91.428571 | F4: =Target_Tiers!B4 -> 2.15 | G4: =Target_Tiers!C4 -> 2
A5: Scramble | B5: =Normalized_Averages!B5 -> 0.12765957 | C5: =MAX(0, MIN(100, 100 * B5 / G5)) -> 33.594625 | D5: =MAX(0, MIN(100, 100 * B5 / F5)) -> 51.06383 | E5: =MAX(0, MIN(100, 100 * B5 / G5)) -> 33.594625 | F5: =Target_Tiers!B5 -> 0.25 | G5: =Target_Tiers!C5 -> 0.38
A7: Definition | B7: Your real stat from Normalized tab | C7: How close am I to the golfer I want to become?” | D7: where do I rank vs peers (current tier). 50= exactly average for my tier, 80 = better than ~80% of my peers 20 = worse than ~80% of my peers | E7: Where do I rank vs target tier --same as D7 | F7: Average golfer at your current tier | G7: Average golfer at your target tier

Sheet Strokes_Gained
A1: Category | B1: Raw skill gap strokes (Internal) | C1: Strokes need (calibrated to tier goal) Golfer View | D1: Curent Tier Rep HCP | E1: =_xlfn.XLOOKUP(Target_Tiers!B1, Tier_Baselines!$B$1:$I$1, Tier_Baselines!$B$6:$I$6) -> 14.5 | F1: what handicap does my current tier represent
A2: Driving | B2: =-3.5 * (MAX(0, 100 - Percentiles!C2) / 100) -> -0.27871148 | C2: =ABS(B2) * $E$5 -> 0.45927164 | D2: Target Tier Rep HCP | E2: =_xlfn.XLOOKUP(Target_Tiers!C1, Tier_Baselines!$B$1:$I$1, Tier_Baselines!$B$6:$I$6) -> 5.5 | F2: what handicap does my target tier represent?
A3: Approach | B3: =-6 * (MAX(0, 100 - Percentiles!C3) / 100) -> -2.6873706 | C3: =ABS(B3) * $E$5 -> 4.428354 | D3: Tier gap (strokes) | E3: =MAX(0, E1 - E2) -> 9 | F3: what handicap does my target tier represent?
A4: Putting | B4: =-2 * (MAX(0, 100 - Percentiles!C4) / 100) -> -0.17142857 | C4: =ABS(B4) * $E$5 -> 0.28248668 | D4: Raw Total | E4: {=SUM(ABS($B$2:$B$5))} -> 5.4616988 | F4: how many strokes should this tier jump represent?
A5: Short Game | B5: =-3.5 * (MAX(0, 100 - Percentiles!C5) / 100) -> -2.3241881 | C5: =ABS(B5) * $E$5 -> 3.8298877 | D5: Scale Factor | E5: =IF(E4=0, 0, E3 / E4) -> 1.647839 | F5: how big are my current raw category leaks (total)?
A6: Total | B6: =SUM(B2:B5) -> -5.4616988 | C6: =SUM(C2:C5) -> 9
B14: How many strokes per round am I losing or gaining vs my target tier?” It must obey two rules: 0 = you are exactly target level Negative = you are worse than target Positive = you are better than target | C14: How many shots per round am I losing to my target tier and where?

Sheet Tier_Baselines
A1: Metric | B1: 100+ Golfer | C1: 90s Golfer | D1: Mid 80s Golfer | E1: High Single Digit | F1: Single Digit | G1: Low Handicap | H1: Scratch | I1: Plus Handicap
A2: Fairway % | B2: 0.4 | C2: 0.43 | D2: 0.48 | E2: 0.49 | F2: 0.51 | G2: 0.54 | H2: 0.57 | I2: 0.6
A3: GIR% | B3: 0.16 | C3: 0.22 | D3: 0.27 | E3: 0.37 | F3: 0.46 | G3: 0.51 | H3: 0.57 | I3: 0.62
A4: Putts per GIR | B4: 2.35 | C4: 2.3 | D4: 2.15 | E4: 2.05 | F4: 2 | G4: 1.95 | H4: 1.85 | I4: 1.83
A5: Scramble % | B5: 0.2 | C5: 0.22 | D5: 0.25 | E5: 0.32 | F5: 0.38 | G5: 0.44 | H5: 0.5 | I5: 0.53
A6: Representative_HCP | B6: 27 | C6: 21 | D6: 14.5 | E6: 9 | F6: 5.5 | G6: 3.5 | H6: 1 | I6: -1
A7: Source/Notes
A8: Baselines derived from Break X Golf analysis (3,788 rounds, 2025), validated against Arccos Golf data (750M+ shots), TheGrint, and SwingU databases. Updated Jan 2026 to reflect real-world amateur performance data.

Sheet Target_Tiers
A1: Tier (current then target) | B1: =Target_Tiers!B9 -> Mid 80s Golfer | C1: Single Digit
A2: Fairways % | B2: {=INDEX(Tier_Baselines!$B$2:$I$5, ROW(A1), MATCH($B$1, Tier_Baselines!$B$1:$I$1, 0))} -> 0.48 | C2: {=INDEX(Tier_Baselines!$B$2:$I$5, ROW(A1), MATCH($C$1, Tier_Baselines!$B$1:$I$1, 0))} -> 0.51
A3: GIR % | B3: {=INDEX(Tier_Baselines!$B$2:$I$5, ROW(A2), MATCH($B$1, Tier_Baselines!$B$1:$I$1, 0))} -> 0.27 | C3: {=INDEX(Tier_Baselines!$B$2:$I$5, ROW(A2), MATCH($C$1, Tier_Baselines!$B$1:$I$1, 0))} -> 0.46
A4: Putts per GIR | B4: {=INDEX(Tier_Baselines!$B$2:$I$5, ROW(A3), MATCH($B$1, Tier_Baselines!$B$1:$I$1, 0))} -> 2.15 | C4: {=INDEX(Tier_Baselines!$B$2:$I$5, ROW(A3), MATCH($C$1, Tier_Baselines!$B$1:$I$1, 0))} -> 2
A5: Scramble % | B5: {=INDEX(Tier_Baselines!$B$2:$I$5, ROW(A4), MATCH($B$1, Tier_Baselines!$B$1:$I$1, 0))} -> 0.25 | C5: {=INDEX(Tier_Baselines!$B$2:$I$5, ROW(A4), MATCH($C$1, Tier_Baselines!$B$1:$I$1, 0))} -> 0.38
A7: Current Tier (Auto) | B7: =_xlfn.LET(_xlpm.h, Normalized_Averages!$B$12, IF(_xlpm.h="","", IF(_xlpm.h<0,"Plus Handicap", IF(_xlpm.h<=2,"Scratch", IF(_xlpm.h<=4,"Low Handicap", IF(_xlpm.h<=6,"Single Digit", IF(_xlpm.h<=11,"High Single Digit", IF(_xlpm.h<=17,"Mid 80s Golfer", IF(_xlpm.h<=24,"90s Golfer", "100+ Golfer")))))))) ) -> Mid 80s Golfer
A8: Current Tier (Override)
A9: Current Tier (Active) | B9: =IF(Target_Tiers!B8<>"",Target_Tiers!B8,Target_Tiers!B7) -> Mid 80s Golfer

Sheet Report
A1: TrueStrokes Report | I1: Trends | K1: After entering a round → Progress_Log: copy row 2 → paste values to next row.
A2: Current Tier | B2: =Target_Tiers!B1 -> Mid 80s Golfer | D2: Strokes Needed To Reach Target | E2: =ABS(Strokes_Gained!C6) -> 9 | F2: Strokes | H2: Handicap Trend | K2: Δ Handicap | L2: {=Normalized_Averages!B12 - INDEX(Progress_Log!C:C, COUNTA(Progress_Log!C:C))} -> -2.996979
A3: Target Tier | B3: =Target_Tiers!C1 -> Single Digit | H3: Strokes Needed Trend | K3: Δ Strokes Needed | L3: {=Strokes_Gained!C6 - INDEX(Progress_Log!L:L, COUNTA(Progress_Log!L:L))} -> 0
K4: Δ FW% | L4: {=Normalized_Averages!B2 - INDEX(Progress_Log!D:D, COUNTA(Progress_Log!D:D))} -> -0.019623234
K5: Δ GIR% | L5: {=Normalized_Averages!B3 - INDEX(Progress_Log!E:E, COUNTA(Progress_Log!E:E))} -> -0.015262515
A6: Skill | B6: You | C6: Target | D6: Gap | E6: To Target | K6: Δ Putts/GIR | L6: {=Normalized_Averages!B4 - INDEX(Progress_Log!F:F, COUNTA(Progress_Log!F:F))} -> -0.0029761905
A7: Fairways | B7: =Percentiles!B2 -> 0.46938776 | C7: =Percentiles!G2 -> 0.51 | D7: =C7-B7 -> 0.040612245 | E7: =Percentiles!C2 -> 92.036815 | K7: Δ Scramble% | L7: {=Normalized_Averages!B5 - INDEX(Progress_Log!G:G, COUNTA(Progress_Log!G:G))} -> -0.065322882
A8: GIR | B8: =Percentiles!B3 -> 0.25396825 | C8: =Percentiles!G3 -> 0.46 | D8: =C8-B8 -> 0.20603175 | E8: =Percentiles!C3 -> 55.21049
A9: Putts per GIR | B9: =Percentiles!B4 -> 2.1875 | C9: =Percentiles!G4 -> 2 | D9: =B9-C9 -> 0.1875 | E9: =Percentiles!C4 -> 91.428571
A10: Scramble | B10: =Percentiles!B5 -> 0.12765957 | C10: =Percentiles!G5 -> 0.38 | D10: =C10-B10 -> 0.25234043 | E10: =Percentiles!C5 -> 33.594625
A13: Category | B13: Strokes Needed | C13: Share | D13: Priority
A14: Driving | B14: =Strokes_Gained!C2 -> 0.45927164 | C14: =IFERROR(B14/SUM($B$14:$B$17), "-") -> 0.051030182 | D14: =Percentiles!D2 -> 97.789116
A15: Approach | B15: =Strokes_Gained!C3 -> 4.428354 | C15: =IFERROR(B15/SUM($B$14:$B$17), "-") -> 0.49203933 | D15: =Percentiles!D3 -> 94.062316
A16: Putting | B16: =Strokes_Gained!C4 -> 0.28248668 | C16: =IFERROR(B16/SUM($B$14:$B$17), "-") -> 0.031387409 | D16: =Percentiles!D4 -> 98.285714
A17: Short Game | B17: =Strokes_Gained!C5 -> 3.8298877 | C17: =IFERROR(B17/SUM($B$14:$B$17), "-") -> 0.42554308 | D17: =Percentiles!D5 -> 51.06383
A20: Lever | B20: 1-Unit Improvement | C20: Strokes Toward Goal | D20: Category | E20: Strokes | F20: Priority
A21: Driving impact: “+1% Fairways = ___ strokes toward goal” | B21: =Strokes_Gained!B2 -> -0.27871148 | C21: =IF(Percentiles!G2<=Percentiles!B2,0, Strokes_Gained!C2 / ((Percentiles!G2-Percentiles!B2)*100)) -> 0.11308699 | E21: =B21 -> -0.27871148 | F21: =RANK(E21,$E$21:$E$24,1) -> 3
A22: Approach impact: “+1% GIR = ___ strokes toward goal” | B22: =Strokes_Gained!B3 -> -2.6873706 | C22: =IF(Percentiles!G3<=Percentiles!B3,0, Strokes_Gained!C3 / ((Percentiles!G3-Percentiles!B3)*100)) -> 0.21493552 | E22: =B22 -> -2.6873706 | F22: =RANK(E22,$E$21:$E$24,1) -> 1
A23: Putting impact: “−0.1 Putts/GIR = ___ strokes toward goal” | B23: =Strokes_Gained!B4 -> -0.17142857 | C23: =IF(Percentiles!B4<=Percentiles!G4,0, Strokes_Gained!C4 / ((Percentiles!B4-Percentiles!G4)/0.1)) -> 0.15065956 | E23: =B23 -> -0.17142857 | F23: =RANK(E23,$E$21:$E$24,1) -> 4
A24: Short game impact: “+1% Scramble = ___ strokes toward goal” | B24: =Strokes_Gained!B5 -> -2.3241881 | C24: =IF(Percentiles!G5<=Percentiles!B5,0, Strokes_Gained!C5 / ((Percentiles!G5-Percentiles!B5)*100)) -> 0.15177464 | E24: =B24 -> -2.3241881 | F24: =RANK(E24,$E$21:$E$24,1) -> 2
A25: Total | B25: =Strokes_Gained!B6 -> -5.4616988
C28: If the golfer still has a gap to target, we divide strokes needed in that category by how many units of stat improvement remain. If they’re already at/above target in that stat, impact shows 0 (no need to improve that category for the goal).

Sheet Identity Tower
A1: Handicap | B1: Tier
A2: 25+ | B2: 100+ Golfer
A3: 18–24 | B3: 90s Golfer
A4: 12–17 | B4: Mid 80s Golfer
A5: 7–11 | B5: High Single Digit
A6: 5–6 | B6: Single Digit
A7: 3–4 | B7: Low Handicap
A8: 0–2 | B8: Scratch
A9: + | B9: Plus Handicap

Sheet Progress_Log
A1: LogDate | B1: Rounds | C1: Est_HCP | D1: FW% | E1: GIR% | F1: Putts/GIR | G1: Scramble% | H1: ToTarget_FW | I1: ToTarget_GIR | J1: ToTarget_Putts | K1: ToTarget_Scramble | L1: StrokesNeeded_Total | M1: Strokes_Driving | N1: Strokes_Approach | O1: Strokes_Putting | P1: Strokes_ShortGame
A2: =TODAY() -> 46084 | B2: =Normalized_Averages!B10 -> 7 | C2: =Normalized_Averages!B12 -> 12.204935 | D2: =Normalized_Averages!B2 -> 0.46938776 | E2: =Normalized_Averages!B3 -> 0.25396825 | F2: =Normalized_Averages!B4 -> 2.1875 | G2: =Normalized_Averages!B5 -> 0.12765957 | H2: =Percentiles!C2 -> 92.036815 | I2: =Percentiles!C3 -> 55.21049 | J2: =Percentiles!C4 -> 91.428571 | K2: =Percentiles!C5 -> 33.594625 | L2: =Strokes_Gained!C6 -> 9 | M2: =Strokes_Gained!C2 -> 0.45927164 | N2: =Strokes_Gained!C3 -> 4.428354 | O2: =Strokes_Gained!C4 -> 0.28248668 | P2: =Strokes_Gained!C5 -> 3.8298877
A3: 46053 | B3: 7 | C3: 20.169658 | D3: 0.40816327 | E3: 0.1984127 | F3: 2.48 | G3: 0.11881188 | H3: 74.211503 | I3: 47.241119 | J3: 80.645161 | K3: 28.288543 | L3: 15.5 | M3: 2.0086149 | N3: 7.0444878 | O3: 0.86143427 | P3: 5.5854631
A4: 46053 | B4: 10 | C4: 18.487611 | D4: 0.44285714 | E4: 0.22777778 | F4: 2.3170732 | G4: 0.15107914 | H4: 80.519481 | I4: 54.232804 | J4: 86.315789 | K4: 35.971223 | L4: 15.5 | M4: 1.7783943 | N4: 7.1625067 | O4: 0.71385372 | P4: 5.8452453
A5: 46053 | B5: 13 | C5: 15.201914 | D5: 0.48901099 | E5: 0.26923077 | F5: 2.1904762 | G5: 0.19298246 | H5: 88.911089 | I5: 64.102564 | J5: 91.304348 | K5: 45.948204 | L5: 9 | M5: 0.75808303 | N5: 4.2070193 | O5: 0.33969721 | P5: 3.6952004
