Workbook

Sheet Golfer_Input
A1: Round | B1: Score | C1: Par | D1: Rating | E1: Par3s | F1: Driving_Holes | G1: Fairways | H1: Greens | I1: Putts per GIR | J1: Scrambles
A2: 1 | B2: 88 | C2: 72 | D2: 73.5 | E2: 4 | F2: =18-Table2[[#This Row],[Par3s]] -> 14 | G2: 7 | H2: 6 | I2: 12 | J2: 2
A3: 2 | B3: 91 | C3: 71 | D3: 72.2 | E3: 3 | F3: =18-Table2[[#This Row],[Par3s]] -> 15 | G3: 8 | H3: 5 | I3: 11 | J3: 1
A4: 3 | B4: 86 | C4: 72 | D4: 74.1 | E4: 4 | F4: =18-Table2[[#This Row],[Par3s]] -> 14 | G4: 6 | H4: 7 | I4: 13 | J4: 3
A5: 4 | B5: 89 | C5: 70 | D5: 71 | E5: 4 | F5: =18-Table2[[#This Row],[Par3s]] -> 14 | G5: 7 | H5: 5 | I5: 11 | J5: 2
A6: 5 | B6: 87 | C6: 72 | D6: 73 | E6: 4 | F6: =18-Table2[[#This Row],[Par3s]] -> 14 | G6: 6 | H6: 6 | I6: 12 | J6: 2
A7: 6 | B7: 85 | C7: 72 | D7: 71.4 | E7: 4 | F7: =18-Table2[[#This Row],[Par3s]] -> 14 | G7: 7 | H7: 8 | I7: 16 | J7: 3
A8: 7 | B8: 87 | C8: 71 | D8: 70.9 | E8: 3 | F8: =18-Table2[[#This Row],[Par3s]] -> 15 | G8: 6 | H8: 7 | I8: 15 | J8: 4
A9: 8 | B9: 83 | C9: 70 | D9: 69.8 | E9: 4 | F9: =18-Table2[[#This Row],[Par3s]] -> 14 | G9: 8 | H9: 9 | I9: 20 | J9: 3
A10: 9 | B10: 88 | C10: 72 | D10: 71.6 | E10: 4 | F10: =18-Table2[[#This Row],[Par3s]] -> 14 | G10: 6 | H10: 7 | I10: 15 | J10: 2
A11: 10 | B11: 84 | C11: 71 | D11: 70.5 | E11: 3 | F11: =18-Table2[[#This Row],[Par3s]] -> 15 | G11: 7 | H11: 8 | I11: 15 | J11: 3

Sheet Normalized_Averages
A1: Metric | B1: Your Avg | C1: Units | D1: Definition
A2: Fairway % | B2: =SUM(Golfer_Input!G:G) / B7 -> 0.47552448 | C2: % | D2: % of driving holes where tee shot finished in fairway
A3: GIR % | B3: =B8 / (B10*18) -> 0.37777778 | C3: % | D3: % of holes where green was reached in regulation
A4: Putts per GIR | B4: =SUM(Golfer_Input!I:I) / B8 -> 2.0588235 | C4: per | D4: Avg putts only on holes where you hit the green
A5: Scramble % | B5: =SUM(Golfer_Input!J:J) / B9 -> 0.22321429 | C5: % | D5: % of missed greens where par or better was saved
A6: Avg Par 3s | B6: =AVERAGE(Golfer_Input!E:E) -> 3.7 | C6: # | D6: Avg par-3s per round (for normalization)
A7: Driving Holes | B7: =SUM(Golfer_Input!F:F) -> 143 | C7: # | D7: Total non–par-3 holes across all rounds
A8: GIR Total | B8: =SUM(Golfer_Input!H:H) -> 68 | C8: # | D8: Total greens hit
A9: Missed Greens | B9: =(B10*18) - B8 -> 112 | C9: # | D9: Greens not hit in regulation
A10: Rounds | B10: =COUNT(Golfer_Input!B:B) -> 10 | C10: # | D10: Number of rounds entered

Sheet Percentiles
A1: Skill | B1: Your Avg | C1: Target Ratio | D1: Peer Rank % | E1: Target Rank % | F1: Peer Baseline | G1: Target Baseline
A2: Fairways | B2: =Normalized_Averages!B2 -> 0.47552448 | C2: =(B2-F2)/(G2-F2) -> 0.52511125 | D2: =MAX(0,MIN(100,50+100*(B2-F2)/(G2-F2))) -> 100 | E2: =MAX(0,MIN(100,50+100*(B2-G2)/(G2-F2))) -> 2.5111252 | F2: =Target_Tiers!B2 -> 0.36 | G2: =Target_Tiers!C2 -> 0.58
A3: GIR | B3: =Normalized_Averages!B3 -> 0.37777778 | C3: =(B3-F3)/(G3-F3) -> 0.42592593 | D3: =MAX(0,MIN(100,50+100*(B3-F3)/(G3-F3))) -> 92.592593 | E3: =MAX(0,MIN(100,50+100*(B3-G3)/(G3-F3))) -> 0 | F3: =Target_Tiers!B3 -> 0.25 | G3: =Target_Tiers!C3 -> 0.55
A4: Putts per GIR | B4: =Normalized_Averages!B4 -> 2.0588235 | C4: =(F4-B4)/(F4-G4) -> 0.47058824 | D4: =MAX(0,MIN(100,50+100*(F4-B4)/(F4-G4))) -> 97.058824 | E4: =MAX(0,MIN(100,50+100*(G4-B4)/(F4-G4))) -> 0 | F4: =Target_Tiers!B4 -> 2.2 | G4: =Target_Tiers!C4 -> 1.9
A5: Scramble | B5: =Normalized_Averages!B5 -> 0.22321429 | C5: =(B5-F5)/(G5-F5) -> 0.11607143 | D5: =MAX(0,MIN(100,50+100*(B5-F5)/(G5-F5))) -> 61.607143 | E5: =MAX(0,MIN(100,50+100*(B5-G5)/(G5-F5))) -> 0 | F5: =Target_Tiers!B5 -> 0.2 | G5: =Target_Tiers!C5 -> 0.4
A7: Definition | B7: Your real stat from Normalized tab | C7: How close am I to the golfer I want to become | D7: where do I rank vs peers (current tier). 50= exactly average for my tier, 80 = better than ~80% of my peers 20 = worse than ~80% of my peers | E7: Where do I rank vs target tier --same as D7 | F7: Average golfer at your current tier | G7: Average golfer at your target tier

Sheet Strokes_Gained
A1: Category | B1: Strokes vs Target | C1: Tier_Strokes | D1: Meaning
A2: Driving | B2: =C2 * (Percentiles!E2/100 - 1) -> -4.8744437 | C2: 5 | D2: Shots lost off the tee vs target
A3: Approach | B3: =C3 * (Percentiles!E3/100 - 1) -> -6 | C3: 6 | D3: Shots lost with irons & wedges
A4: Putting | B4: =C4 * (Percentiles!E4/100 - 1) -> -4 | C4: 4 | D4: Shots lost on greens
A5: Short Game | B5: =C5 * (Percentiles!E5/100 - 1) -> -3 | C5: 3 | D5: Shots lost around greens
A6: Total | B6: =SUM(B2:B5) -> -17.874444 | D6: Total shots per round behind target
A15: How many shots per round am I losing to my target tier and where?

Sheet Tier_Baselines
A1: Metric | B1: 100+ Golfer | C1: 90s Golfer | D1: Mid-Handicap | E1: High Single Digit | F1: Single Digit | G1: Low Handicap | H1: Scratch | I1: Plus Handicap
A2: Fairway % | B2: 0.3 | C2: 0.36 | D2: 0.42 | E2: 0.5 | F2: 0.55 | G2: 0.58 | H2: 0.6 | I2: 0.65
A3: GIR% | B3: 0.18 | C3: 0.25 | D3: 0.32 | E3: 0.42 | F3: 0.48 | G3: 0.55 | H3: 0.6 | I3: 0.65
A4: Putts per GIR | B4: 2.3 | C4: 2.2 | D4: 2.1 | E4: 2 | F4: 1.95 | G4: 1.9 | H4: 1.85 | I4: 1.8
A5: Scramble % | B5: 0.15 | C5: 0.2 | D5: 0.25 | E5: 0.3 | F5: 0.35 | G5: 0.4 | H5: 0.45 | I5: 0.5

Sheet Target_Tiers
A1: Tier | B1: 90s Golfer | C1: Low Handicap
A2: Fairways % | B2: {=INDEX(Tier_Baselines!$B$2:$I$5, ROW(A1), MATCH($B$1, Tier_Baselines!$B$1:$I$1, 0))} -> 0.36 | C2: {=INDEX(Tier_Baselines!$B$2:$I$5, ROW(A1), MATCH($C$1, Tier_Baselines!$B$1:$I$1, 0))} -> 0.58
A3: GIR % | B3: {=INDEX(Tier_Baselines!$B$2:$I$5, ROW(A2), MATCH($B$1, Tier_Baselines!$B$1:$I$1, 0))} -> 0.25 | C3: {=INDEX(Tier_Baselines!$B$2:$I$5, ROW(A2), MATCH($C$1, Tier_Baselines!$B$1:$I$1, 0))} -> 0.55
A4: Putts per GIR | B4: {=INDEX(Tier_Baselines!$B$2:$I$5, ROW(A3), MATCH($B$1, Tier_Baselines!$B$1:$I$1, 0))} -> 2.2 | C4: {=INDEX(Tier_Baselines!$B$2:$I$5, ROW(A3), MATCH($C$1, Tier_Baselines!$B$1:$I$1, 0))} -> 1.9
A5: Scramble % | B5: {=INDEX(Tier_Baselines!$B$2:$I$5, ROW(A4), MATCH($B$1, Tier_Baselines!$B$1:$I$1, 0))} -> 0.2 | C5: {=INDEX(Tier_Baselines!$B$2:$I$5, ROW(A4), MATCH($C$1, Tier_Baselines!$B$1:$I$1, 0))} -> 0.4

Sheet Identity Tower
A1: Handicap | B1: Tier
A2: 25+ | B2: 100+ Golfer
A3: 18–24 | B3: 90s Golfer
A4: 12–17 | B4: Mid-Handicap
A5: 7–11 | B5: High Single Digit
A6: 5–6 | B6: Single Digit
A7: 3–4 | B7: Low Handicap
A8: 0–2 | B8: Scratch
A9: + | B9: Plus Handicap
